<odoo>
    <!-- Regla para limitar la visibilidad de órdenes según las categorías asignadas -->
    <record id="rule_purchase_order_by_category" model="ir.rule">
        <field name="name">Mis órdenes de compra por categoría</field>
        <field name="model_id" ref="purchase.model_purchase_order"/>
        <field name="domain_force">[
            ('purchase_category_id', 'in', user.purchase_category_ids.ids)
        ]</field>
        <field name="groups" eval="[(4, ref('base.group_user'))]"/>  <!-- Aplica a todos los usuarios -->
        <field name="global" eval="True"/>
    </record>
</odoo>
